"employee_id","first_name","last_name","phone_number","email"
3,"Charlie","Blaque","555-4321","charlie.blaque@spa.com"
2,"Beryl","White","555-7890","beryl.white@spa.com"
1,"Alice","Dawn","555-3456","alice.dawn@spa.com"
4,"Major","Tom","7095551010","major.tom@spa.com"
5,"Rick","Roll","7095553201","rick.roll@spa.com"
7,"Gandalf","Grey","7095557647","gandalf.grey@spa.com"
10,"tiger","woods","7095557878","tigerwoods@spa.com"
11,"Nora","Jones","7095551313","norajones@spa.com"
